사용월,호선명,역ID,지하철역,유임승차,유임하차,무임승차,무임하차
2023-09,1호선,0150,서울역,1302969,1278959,196432,187106
2023-09,1호선,0151,시청,627933,636796,98111,98402
2023-09,1호선,0152,종각,899554,882768,138210,127736
2023-09,1호선,0153,종로3가,467997,418953,285136,262510
2023-09,1호선,0154,종로5가,474020,472301,243837,235844
2023-09,1호선,0155,동대문,244748,240045,117292,116736
2023-09,1호선,0156,신설동,278667,266224,115977,112061
2023-09,1호선,0157,제기동,225337,213872,293172,317701
2023-09,1호선,0158,청량리(서울시립대입구),357847,348368,276674,280143
2023-09,1호선,0159,동묘앞,143466,149942,152241,153930
2023-09,2호선,0201,시청,627077,587581,58310,53764
2023-09,2호선,0202,을지로입구,1206816,1229355,98980,91150
2023-09,2호선,0203,을지로3가,588752,580810,70324,68301
2023-09,2호선,0204,을지로4가,308919,313793,78663,77614
2023-09,2호선,0205,동대문역사문화공원(DDP),378329,437379,54361,58523
2023-09,2호선,0206,신당,324661,344243,89679,91095
2023-09,2호선,0207,상왕십리,334914,320608,65125,65818
2023-09,2호선,0208,왕십리(성동구청),401128,348301,50126,44818
2023-09,2호선,0209,한양대,337372,372579,13273,14113
2023-09,2호선,0210,뚝섬,583249,618843,58641,58598
2023-09,2호선,0211,성수,959385,1077662,96442,97525
2023-09,2호선,0212,건대입구,959147,1012839,89641,92478
2023-09,2호선,0213,구의(광진구청),570344,548138,100980,101537
2023-09,2호선,0214,강변(동서울터미널),789388,770652,117178,114318
2023-09,2호선,0215,잠실나루,323128,311067,85598,85594
2023-09,2호선,0216,잠실(송파구청),1945617,1939759,202634,193835
2023-09,2호선,0217,잠실새내,542033,544402,108017,107155
2023-09,2호선,0218,종합운동장,362152,408972,49563,52059
2023-09,2호선,0219,삼성(무역센터),1340688,1358615,110501,102455
2023-09,2호선,0220,선릉,1239103,1087427,216048,190679
2023-09,2호선,0221,역삼,1139546,1287034,136328,137223
2023-09,2호선,0222,강남,1978673,1926696,151081,131502
2023-09,2호선,0223,교대(법원.검찰청),676986,813356,140930,167311
2023-09,2호선,0224,서초,520089,493846,86368,85675
2023-09,2호선,0225,방배,412882,428260,74708,74168
2023-09,2호선,0226,사당,923637,1036197,199070,191232
2023-09,2호선,0227,낙성대(강감찬),678293,644491,104858,105876
2023-09,2호선,0228,서울대입구(관악구청),1139284,1101785,172281,162854
2023-09,2호선,0229,봉천,520249,471358,143127,141251
2023-09,2호선,0230,신림,1331450,1249200,191110,188791
2023-09,2호선,0231,신대방,597712,568009,126817,127010
2023-09,2호선,0232,구로디지털단지,1368072,1344784,179092,179014
2023-09,2호선,0233,대림(구로구청),556413,570719,125012,129221
2023-09,2호선,0234,신도림,1182369,1177276,215161,202472
2023-09,2호선,0235,문래,507338,527394,83239,82708
2023-09,2호선,0236,영등포구청,476754,493981,96781,95747
2023-09,2호선,0237,당산,444749,517593,56622,62727
2023-09,2호선,0238,합정,851943,937048,68796,69314
2023-09,2호선,0239,홍대입구,1872300,2049358,95191,92374
2023-09,2호선,0240,신촌,1029811,1050677,117266,115373
2023-09,2호선,0241,이대,439728,477501,48195,50579
2023-09,2호선,0242,아현,249393,227953,63847,62145
2023-09,2호선,0243,충정로(경기대입구),227684,241924,47418,47617
2023-09,2호선,0244,용답,68990,68880,17517,17016
2023-09,2호선,0245,신답,35639,39485,9611,10199
2023-09,2호선,0246,신설동,75345,69860,30532,31938
2023-09,2호선,0247,도림천,25923,26421,8127,9100
2023-09,2호선,0248,양천구청,141794,150185,50146,51027
2023-09,2호선,0249,신정네거리,214505,219651,72909,74095
2023-09,2호선,0250,용두(동대문구청),46193,44407,25002,26150
2023-09,3호선,0309,지축,158962,156378,33439,31810
2023-09,3호선,0310,구파발,485114,475277,125303,120327
2023-09,3호선,0311,연신내,731334,687745,254685,246272
2023-09,3호선,0312,불광,332892,355116,138127,153287
2023-09,3호선,0313,녹번,362915,319285,77712,76406
2023-09,3호선,0314,홍제,380246,357148,140031,137606
2023-09,3호선,0315,무악재,91420,89476,31296,33648
2023-09,3호선,0316,독립문,148076,153488,68369,68554
2023-09,3호선,0317,경복궁(정부서울청사),675612,684435,95310,94636
2023-09,3호선,0318,안국,663707,682819,100305,102774
2023-09,3호선,0319,종로3가,229149,281168,62118,70283
2023-09,3호선,0320,을지로3가,266405,273391,46897,44688
2023-09,3호선,0321,충무로,46,0,2,0
2023-09,3호선,0322,동대입구,273529,307020,41779,44449
2023-09,3호선,0323,약수,284923,277461,82109,77274
2023-09,3호선,0324,금호,174380,157375,52981,52002
2023-09,3호선,0325,옥수,194642,198637,59860,59259
2023-09,3호선,0326,압구정,740443,809732,132679,133578
2023-09,3호선,0327,신사,703505,739895,65817,63679
2023-09,3호선,0328,잠원,113438,108259,30724,29139
2023-09,3호선,0329,고속터미널,1235929,1223057,201483,191244
2023-09,3호선,0330,교대(법원.검찰청),369737,218479,78878,44292
2023-09,3호선,0331,남부터미널(예술의전당),693060,708468,120537,122113
2023-09,3호선,0332,양재(서초구청),828809,918905,143894,145954
2023-09,3호선,0333,매봉,261597,254789,66920,62602
2023-09,3호선,0334,도곡,115076,117731,23181,23202
2023-09,3호선,0335,대치,291919,282337,70046,67150
2023-09,3호선,0336,학여울,57791,59684,15760,15472
2023-09,3호선,0337,대청,230113,211636,60157,58016
2023-09,3호선,0338,일원,229351,220087,68250,66995
2023-09,3호선,0339,수서,411564,424475,116518,114780
2023-09,3호선,0340,가락시장,173013,170018,82925,81575
2023-09,3호선,0341,경찰병원,156583,153769,42178,43345
2023-09,3호선,0342,오금,148104,131119,32443,30114
2023-09,4호선,0409,당고개,201052,168703,76945,76091
2023-09,4호선,0410,상계,429233,395327,124689,121621
2023-09,4호선,0411,노원,446760,527674,92710,99726
2023-09,4호선,0412,창동,516089,549444,212348,220612
2023-09,4호선,0413,쌍문,649311,587966,169549,166997
2023-09,4호선,0414,수유(강북구청),784977,777720,191543,191848
2023-09,4호선,0415,미아(서울사이버대학),328870,310872,114402,116225
2023-09,4호선,0416,미아사거리,578076,560333,181630,180593
2023-09,4호선,0417,길음,501735,496302,119155,118936
2023-09,4호선,0418,성신여대입구(돈암),544606,515061,86325,84133
2023-09,4호선,0419,한성대입구(삼선교),344974,331216,75024,72924
2023-09,4호선,0420,혜화,911556,926009,133151,130649
2023-09,4호선,0421,동대문,411884,425864,139217,135253
2023-09,4호선,0422,동대문역사문화공원(DDP),487282,423311,59883,53426
2023-09,4호선,0423,충무로,720685,743248,113875,116033
2023-09,4호선,0424,명동,893160,963450,72115,74734
2023-09,4호선,0425,회현(남대문시장),539069,561283,178431,178000
2023-09,4호선,0426,서울역,303374,554531,40220,51964
2023-09,4호선,0427,숙대입구(갈월),379119,362442,54557,50455
2023-09,4호선,0428,삼각지,148501,177113,23738,24411
2023-09,4호선,0429,신용산,472953,517053,54198,54396
2023-09,4호선,0430,이촌(국립중앙박물관),238737,261958,52851,55220
2023-09,4호선,0431,동작(현충원),30179,34050,14463,14741
2023-09,4호선,0432,총신대입구(이수),388200,425613,150689,157601
2023-09,4호선,0433,사당,657194,583543,99825,100510
2023-09,4호선,0434,남태령,31836,23266,8803,7973
2023-09,경부선,1001,서울역,249636,86554,14805,3374
2023-09,경부선,1002,남영,244681,256642,37755,38609
2023-09,경부선,1003,용산,1062449,1104824,129953,129158
2023-09,경부선,1004,노량진,212425,209689,51348,49738
2023-09,경부선,1005,대방,234111,263934,56628,58873
2023-09,경부선,1006,영등포,928270,963089,271046,272471
2023-09,경부선,1007,신도림,82515,85700,24639,29262
2023-09,경부선,1032,신길,200851,165527,45656,41919
2023-09,경부선,1701,구로,401249,417876,97417,93992
2023-09,경부선,1702,가산디지털단지,391393,452905,35651,38326
2023-09,경부선,1703,금천구청,236075,236014,77260,78216
2023-09,경부선,1704,석수,209365,187453,48159,45627
2023-09,경부선,1705,관악,161538,150514,54247,52236
2023-09,경부선,1706,안양,587742,582501,120765,124366
2023-09,경부선,1707,명학,208036,202928,40876,39933
2023-09,경부선,1708,금정,661600,668375,123234,124006
2023-09,경부선,1709,군포,157906,151301,38277,37418
2023-09,경부선,1710,의왕,200635,196578,41935,41613
2023-09,경부선,1711,성균관대,390071,381155,54261,54522
2023-09,경부선,1712,화서,194481,186118,44865,43612
2023-09,경부선,1713,수원,1020009,1091193,147371,150015
2023-09,경부선,1714,독산,402054,408652,67514,69434
2023-09,경부선,1715,세류,81762,74598,16353,15830
2023-09,경부선,1716,병점,398351,398461,69484,69650
2023-09,경부선,1717,세마,73184,68568,15697,14826
2023-09,경부선,1718,오산대,97857,88970,17520,16528
2023-09,경부선,1719,오산,270197,269501,48148,48826
2023-09,경부선,1720,진위,40981,35618,9492,9100
2023-09,경부선,1721,송탄,120149,116534,20880,20389
2023-09,경부선,1722,서정리,222425,203035,34783,33757
2023-09,경부선,1723,평택지제,118905,114497,13431,13222
2023-09,경부선,1724,평택,368419,370052,68171,67215
2023-09,경부선,1725,성환,155636,150142,20175,20041
2023-09,경부선,1726,직산,22422,22274,5039,4741
2023-09,경부선,1727,두정,215788,230103,25887,26505
2023-09,경부선,1728,천안,183201,171846,53650,53429
2023-09,경부선,1729,당정,146249,138684,30682,29045
2023-09,경부선,1749,서동탄,33817,30053,7138,7005
2023-09,경부선,1750,광명,100364,85265,10687,10400
2023-09,경인선,1801,개봉,459112,437984,158368,163688
2023-09,경인선,1802,오류동,239872,215526,88216,86007
2023-09,경인선,1803,역곡,627474,612416,149604,154467
2023-09,경인선,1804,부천,715893,711853,218160,221672
2023-09,경인선,1805,송내,617910,610470,125137,124073
2023-09,경인선,1806,부평,707277,765901,143014,146652
2023-09,경인선,1807,백운,151302,145295,60406,60059
2023-09,경인선,1808,동암,351690,350108,103264,104660
2023-09,경인선,1809,주안,469591,423419,90844,80884
2023-09,경인선,1810,제물포,240954,227023,63342,62574
2023-09,경인선,1811,동인천,298839,280726,119042,116326
2023-09,경인선,1812,인천,90528,68302,42215,38284
2023-09,경인선,1813,구일,192193,197644,46190,45027
2023-09,경인선,1814,소사,172594,165612,62889,61247
2023-09,경인선,1815,부개,184642,167911,68120,66372
2023-09,경인선,1816,간석,121743,114484,44689,42971
2023-09,경인선,1817,도원,70136,70552,29455,31197
2023-09,경인선,1821,온수(성공회대입구),136429,126235,50019,48689
2023-09,경인선,1822,중동,187552,171538,72895,71453
2023-09,경인선,1823,도화,79599,70253,38890,37673
2023-09,경원선,1008,이촌(국립중앙박물관),88794,64815,30209,25406
2023-09,경원선,1009,서빙고,49696,46495,18487,17996
2023-09,경원선,1010,한남,83616,80907,28651,26778
2023-09,경원선,1011,옥수,1699,1238,163,93
2023-09,경원선,1012,응봉,38103,31534,17351,15283
2023-09,경원선,1013,왕십리(성동구청),410555,416227,72342,75238
2023-09,경원선,1014,청량리(서울시립대입구),357938,377828,147530,156906
2023-09,경원선,1016,외대앞,249615,242126,46130,46371
2023-09,경원선,1017,신이문,170749,153187,67786,66144
2023-09,경원선,1018,석계,165095,183841,61625,65892
2023-09,경원선,1019,광운대,201665,193911,55252,54134
2023-09,경원선,1020,월계,148062,134446,63511,60760
2023-09,경원선,1021,녹천,89840,72583,37158,33962
2023-09,경원선,1022,창동,11,0,2,0
2023-09,경원선,1901,방학,173768,167905,106888,104172
2023-09,경원선,1902,도봉,97378,90897,69513,68602
2023-09,경원선,1903,도봉산,128451,70953,106375,83263
2023-09,경원선,1904,망월사,177127,177358,69455,71193
2023-09,경원선,1905,회룡,216993,214337,148961,147196
2023-09,경원선,1906,의정부,434405,451677,112675,114492
2023-09,경원선,1907,가능,131651,123912,56177,55805
2023-09,경원선,1908,녹양,90318,85696,38241,36322
2023-09,경원선,1909,양주,172129,163846,60804,59904
2023-09,경원선,1910,덕계,107717,93530,29166,27743
2023-09,경원선,1911,덕정,144663,134849,35365,35232
2023-09,경원선,1912,지행,150456,150655,45185,44944
2023-09,경원선,1913,동두천중앙,55676,53397,33984,34118
2023-09,경원선,1914,보산,37448,35172,13301,12496
2023-09,경원선,1915,동두천,47618,50313,23732,27990
2023-09,경원선,1916,소요산,31286,26186,52674,47827
2023-09,안산선,1751,산본,351302,380642,103979,105570
2023-09,안산선,1752,대야미,110798,97006,32404,30393
2023-09,안산선,1753,반월,91677,87998,31228,30815
2023-09,안산선,1754,상록수,381559,384166,71506,72747
2023-09,안산선,1755,한대앞,247047,247229,43487,45068
2023-09,안산선,1756,중앙,474406,503350,66111,64515
2023-09,안산선,1757,고잔,219265,209265,36406,35204
2023-09,안산선,1758,초지,132069,133251,19051,19193
2023-09,안산선,1759,안산,341990,324234,38334,36085
2023-09,안산선,1760,신길온천,47537,43446,10294,9994
2023-09,안산선,1761,정왕,272084,274700,28852,30139
2023-09,안산선,1762,오이도,212173,212399,36727,36644
2023-09,안산선,1763,수리산,85065,67213,32403,30832
2023-09,과천선,1450,선바위,190957,160908,36277,35088
2023-09,과천선,1451,경마공원,100628,103438,74996,75111
2023-09,과천선,1452,대공원,104822,109289,42063,43154
2023-09,과천선,1453,과천,138912,126800,45835,43659
2023-09,과천선,1454,정부과천청사,245511,256125,55104,54720
2023-09,과천선,1455,인덕원,562516,569699,116759,119215
2023-09,과천선,1456,평촌,406214,393194,66902,67088
2023-09,과천선,1457,범계,630248,635689,113577,112131
2023-09,분당선,1023,선릉,284986,449631,43987,58751
2023-09,분당선,1024,한티,385588,403670,69456,70492
2023-09,분당선,1025,도곡,156771,151258,54849,51187
2023-09,분당선,1026,구룡,59095,54673,17443,17038
2023-09,분당선,1027,개포동,101282,103302,35093,36079
2023-09,분당선,1028,대모산입구,127588,116721,37259,36887
2023-09,분당선,1030,수서,344855,357814,70865,72931
2023-09,분당선,1031,복정,31,0,1,0
2023-09,분당선,1846,수원,211824,187352,32585,30089
2023-09,분당선,1847,서울숲,313625,322238,31910,31212
2023-09,분당선,1848,압구정로데오,492951,563862,45793,44144
2023-09,분당선,1849,강남구청,213656,250384,38185,41330
2023-09,분당선,1850,선정릉,168818,179372,31505,31373
2023-09,분당선,1851,가천대,295380,306305,28365,29061
2023-09,분당선,1852,태평,287882,266807,90860,93173
2023-09,분당선,1853,모란,418090,413505,172602,188839
2023-09,분당선,1854,야탑,542947,580470,153038,154627
2023-09,분당선,1855,서현,527246,543635,120792,116958
2023-09,분당선,1856,수내,295595,297697,72244,71151
2023-09,분당선,1857,정자,413960,434955,67862,68143
2023-09,분당선,1858,미금,301982,320602,103067,109915
2023-09,분당선,1859,오리,238154,197266,71669,63762
2023-09,분당선,1860,이매,128190,120345,39430,39016
2023-09,분당선,1861,보정,52912,45822,20401,19339
2023-09,분당선,1862,죽전,326782,361306,70865,75389
2023-09,분당선,1863,구성,100552,105451,36114,35676
2023-09,분당선,1864,신갈,99051,96449,30694,30407
2023-09,분당선,1865,기흥,257148,238514,43813,42830
2023-09,분당선,1866,상갈,125171,119705,31797,30890
2023-09,분당선,1867,청명,104970,101464,20448,20718
2023-09,분당선,1868,영통,223792,223716,31492,31460
2023-09,분당선,1869,망포,376113,356136,40408,38617
2023-09,분당선,1870,매탄권선,128068,120972,22759,21892
2023-09,분당선,1871,수원시청,323310,359240,44706,46079
2023-09,분당선,1872,매교,114842,113284,23912,24216
2023-09,일산선,1948,원흥,260008,246182,64405,61739
2023-09,일산선,1949,지축,10,0,0,0
2023-09,일산선,1950,삼송,455955,432701,97757,99727
2023-09,일산선,1951,원당,237734,221643,80574,79566
2023-09,일산선,1952,화정,370868,380852,117727,120507
2023-09,일산선,1953,대곡,67759,51211,13898,12232
2023-09,일산선,1954,백석,211709,215211,74406,73709
2023-09,일산선,1955,마두,148737,151801,65656,67166
2023-09,일산선,1956,정발산,161611,171571,54742,52151
2023-09,일산선,1957,주엽,182899,181594,89348,92311
2023-09,일산선,1958,대화,321908,252138,81153,74375
2023-09,중앙선,1015,회기,690301,653403,123355,120427
2023-09,중앙선,1201,중랑,109483,102441,50181,49154
2023-09,중앙선,1202,상봉(시외버스터미널),129541,127879,42044,40943
2023-09,중앙선,1203,망우,151595,144546,73917,74738
2023-09,중앙선,1204,양원,65286,62134,21666,21421
2023-09,중앙선,1205,구리,288197,292980,80724,81185
2023-09,중앙선,1206,도농,249321,222986,66712,64187
2023-09,중앙선,1207,양정,11372,9145,7900,7040
2023-09,중앙선,1208,덕소,113628,111289,45947,45791
2023-09,중앙선,1209,도심,48897,36167,19130,17521
2023-09,중앙선,1210,팔당,19547,20641,9885,9853
2023-09,중앙선,1211,운길산,14522,13656,10762,11099
2023-09,중앙선,1212,양수,37175,36610,23276,23330
2023-09,중앙선,1213,신원,3316,2932,4438,3906
2023-09,중앙선,1214,국수,12608,12093,9367,9293
2023-09,중앙선,1215,아신,11771,11587,8065,7886
2023-09,중앙선,1216,오빈,4723,4839,4306,4328
2023-09,중앙선,1217,양평,61616,63595,33323,34209
2023-09,중앙선,1218,원덕,5568,5554,6400,6181
2023-09,중앙선,1219,용문,32263,33343,36497,36704
2023-09,중앙선,1220,지평,845,1096,1099,1109
2023-09,장항선,1401,봉명,26432,26415,10162,9824
2023-09,장항선,1402,쌍용(나사렛대),66276,62814,15135,14235
2023-09,장항선,1403,아산,119120,104670,13222,12513
2023-09,장항선,1404,탕정,37295,33529,5639,5232
2023-09,장항선,1405,배방,29547,28701,6931,6689
2023-09,장항선,1407,온양온천,89398,92261,51557,52455
2023-09,장항선,1408,신창(순천향대),70637,66170,7761,7237
2023-09,경의선,1252,신촌,22276,29019,3531,4386
2023-09,경의선,1261,효창공원앞,75632,82872,15300,17074
2023-09,경의선,1263,서강대,57300,58032,11179,10694
2023-09,경의선,1265,가좌,123871,115087,43391,42969
2023-09,경의선,1267,수색,69104,71577,16541,16110
2023-09,경의선,1268,화전,75123,70284,9529,9233
2023-09,경의선,1269,강매,71625,60100,18194,17028
2023-09,경의선,1270,행신,198029,193614,35107,35405
2023-09,경의선,1271,능곡,106703,96937,35132,34443
2023-09,경의선,1272,곡산,12976,13327,5527,5646
2023-09,경의선,1273,백마,169064,159731,35242,34823
2023-09,경의선,1274,풍산,133727,124615,38409,37489
2023-09,경의선,1275,일산,236656,227249,68230,68904
2023-09,경의선,1276,탄현,182826,169901,40067,38856
2023-09,경의선,1277,야당,203266,206224,39515,38416
2023-09,경의선,1278,운정,169673,152426,40702,39242
2023-09,경의선,1279,금릉,123356,116665,28275,27700
2023-09,경의선,1280,금촌,150276,145633,45811,46572
2023-09,경의선,1282,월롱,57517,50282,8906,9282
2023-09,경의선,1283,파주,35564,27044,7808,6971
2023-09,경의선,1284,문산,118435,114565,44087,43995
2023-09,경의선,1285,임진강,687,721,675,676
2023-09,경의선,1286,운천,103,37,137,104
2023-09,경의선,1291,서울역,100000,124830,15702,18662
2023-09,경의선,1292,공덕,97649,78910,14771,14320
2023-09,경의선,1293,홍대입구,56208,70943,5501,6419
2023-09,경의선,1294,디지털미디어시티,68736,61477,12701,13265
2023-09,경의선,1296,계양,1,0,0,0
2023-09,경의선,1297,검암,1,0,0,0
2023-09,경춘선,1311,신내,44897,42064,18849,18187
2023-09,경춘선,1312,갈매,66323,55343,21127,19654
2023-09,경춘선,1313,별내,68740,64838,21399,19975
2023-09,경춘선,1314,퇴계원,75081,67331,27923,26374
2023-09,경춘선,1315,사릉,50020,48107,16389,16342
2023-09,경춘선,1316,금곡,27754,26526,16531,16004
2023-09,경춘선,1317,평내호평,134156,131180,45069,43434
2023-09,경춘선,1318,천마산,28563,25565,17950,18020
2023-09,경춘선,1319,마석,83699,80207,34487,34064
2023-09,경춘선,1320,대성리,19688,20316,6772,6307
2023-09,경춘선,1321,청평,37809,37291,20024,19911
2023-09,경춘선,1322,상천,4939,4506,5941,5840
2023-09,경춘선,1323,가평,49142,50829,17653,17472
2023-09,경춘선,1324,굴봉산,1911,1890,2457,2462
2023-09,경춘선,1325,백양리,1792,1612,1452,1492
2023-09,경춘선,1326,강촌,11915,11289,5395,5538
2023-09,경춘선,1327,김유정,7922,8953,4419,4618
2023-09,경춘선,1328,남춘천,69470,69314,25805,27179
2023-09,경춘선,1329,춘천,42837,37871,16819,13889
2023-09,수인선,1873,고색,120145,116996,19383,17786
2023-09,수인선,1874,오목천,116200,96809,15275,14770
2023-09,수인선,1875,어천,30133,27740,6912,7617
2023-09,수인선,1876,야목,8944,7223,2949,2415
2023-09,수인선,1877,사리,125053,106527,19485,17879
2023-09,수인선,1878,달월,1737,1237,1130,664
2023-09,수인선,1879,월곶,64400,58217,17043,16811
2023-09,수인선,1880,소래포구,115399,114067,70522,69893
2023-09,수인선,1881,인천논현,119326,128817,35176,36060
2023-09,수인선,1882,호구포,91214,93823,21847,21581
2023-09,수인선,1883,남동인더스파크,48251,54057,6368,6513
2023-09,수인선,1884,원인재,96067,102870,33239,33695
2023-09,수인선,1885,연수,107695,104891,30957,30838
2023-09,수인선,1886,송도,50146,44467,21695,20628
2023-09,수인선,1888,인하대,176636,166384,28217,27044
2023-09,수인선,1889,숭의,84697,77045,30272,28824
2023-09,수인선,1890,신포,39522,40145,13006,13398
2023-09,수인선,1891,인천,21917,39277,13709,17550
2023-09,경강선,1501,판교,136365,138934,18004,15857
2023-09,경강선,1502,이매,28847,23578,7406,6662
2023-09,경강선,1503,삼동,56725,50655,13494,13593
2023-09,경강선,1504,경기광주,198476,183332,33232,32854
2023-09,경강선,1505,초월,83844,77174,15480,15003
2023-09,경강선,1506,곤지암,56440,54504,15059,15215
2023-09,경강선,1507,신둔도예촌,37515,34533,8207,8034
2023-09,경강선,1508,이천,72265,77637,15218,16326
2023-09,경강선,1509,부발,60149,57435,10188,10124
2023-09,경강선,1510,세종대왕릉,7212,7225,3831,3975
2023-09,경강선,1511,여주,69432,70479,18935,19119
2023-09,서해선,1980,김포공항,73079,87566,10087,13192
2023-09,서해선,1981,원종,84290,85371,33077,33992
2023-09,서해선,1982,부천종합운동장,59014,45100,6849,5202
2023-09,5호선,2511,방화,142984,135670,54913,53789
2023-09,5호선,2512,개화산,122272,115303,40019,39839
2023-09,5호선,2513,김포공항,215091,174657,41365,39977
2023-09,5호선,2514,송정,130882,122907,49667,47568
2023-09,5호선,2515,마곡,262346,269981,44519,43092
2023-09,5호선,2516,발산,490234,521961,101006,98306
2023-09,5호선,2517,우장산,320012,308703,95953,99833
2023-09,5호선,2518,화곡,651284,599081,146278,139216
2023-09,5호선,2519,까치산,631714,594905,158926,159388
2023-09,5호선,2520,신정(은행정),308246,249742,62729,61277
2023-09,5호선,2521,목동,378664,405150,82509,83344
2023-09,5호선,2522,오목교(목동운동장앞),515844,551262,86017,85736
2023-09,5호선,2523,양평,168582,161900,29326,28860
2023-09,5호선,2524,영등포구청,98762,96790,20610,19904
2023-09,5호선,2525,영등포시장,233965,239115,74517,76147
2023-09,5호선,2526,신길,116501,117981,11261,11495
2023-09,5호선,2527,여의도,697388,752939,52406,49476
2023-09,5호선,2528,여의나루,439251,472335,31919,31070
2023-09,5호선,2529,마포,328749,335280,61553,61349
2023-09,5호선,2530,공덕,336101,355190,47500,44675
2023-09,5호선,2531,애오개,145742,143293,37651,36163
2023-09,5호선,2532,충정로(경기대입구),107940,110185,13907,14732
2023-09,5호선,2533,서대문,464122,467455,68939,64534
2023-09,5호선,2534,광화문(세종문화회관),806269,853664,86717,84065
2023-09,5호선,2535,종로3가,338582,335433,91748,95812
2023-09,5호선,2536,을지로4가,133951,140083,42578,42335
2023-09,5호선,2537,동대문역사문화공원(DDP),72913,85212,7893,8812
2023-09,5호선,2538,청구,84414,82119,24767,19959
2023-09,5호선,2539,신금호,139909,144988,38205,42813
2023-09,5호선,2540,행당,176305,154286,51267,46352
2023-09,5호선,2541,왕십리(성동구청),101881,121386,24705,24817
2023-09,5호선,2542,마장,125543,117581,44118,42639
2023-09,5호선,2543,답십리,351716,313802,81174,78189
2023-09,5호선,2544,장한평,420286,410518,92618,94174
2023-09,5호선,2545,군자(능동),283668,312605,40184,43404
2023-09,5호선,2546,아차산(어린이대공원후문),327065,312888,97897,94759
2023-09,5호선,2547,광나루(장신대),321476,299345,73127,70334
2023-09,5호선,2548,천호(풍납토성),406121,395177,136459,138477
2023-09,5호선,2549,강동,395272,383364,103316,101213
2023-09,5호선,2550,길동,153036,157743,74367,76209
2023-09,5호선,2551,굽은다리(강동구민회관앞),194930,186371,76902,71996
2023-09,5호선,2552,명일,180350,181768,72095,73262
2023-09,5호선,2553,고덕,207566,203199,75031,73831
2023-09,5호선,2554,상일동,306883,286819,89949,88062
2023-09,5호선,2555,둔촌동,177556,176323,66779,67411
2023-09,5호선,2556,올림픽공원(한국체대),114294,99411,38280,34798
2023-09,5호선,2557,방이,157281,161869,47972,48083
2023-09,5호선,2558,오금,79305,79932,21491,20948
2023-09,5호선,2559,개롱,131472,137216,49914,51443
2023-09,5호선,2560,거여,217087,209483,65733,63504
2023-09,5호선,2561,마천,153209,138651,56666,57967
2023-09,5호선,2562,강일,116511,103383,42063,40376
2023-09,5호선,2563,미사,398933,407804,82735,82546
2023-09,5호선,2564,하남풍산,94038,92702,31351,30992
2023-09,5호선,2565,하남시청(덕풍·신장),153290,143852,71025,71166
2023-09,5호선,2566,하남검단산,136282,128826,52153,51474
2023-09,6호선,2611,응암,376244,368745,119099,118247
2023-09,6호선,2612,역촌,75664,95197,34579,33547
2023-09,6호선,2613,불광,89999,92103,42505,34323
2023-09,6호선,2614,독바위,57758,57740,21006,25815
2023-09,6호선,2615,연신내,18,0,2,0
2023-09,6호선,2616,구산,170353,114621,54104,55912
2023-09,6호선,2617,새절(신사),271953,246676,88445,88067
2023-09,6호선,2618,증산(명지대앞),208792,205912,71916,72691
2023-09,6호선,2619,디지털미디어시티,334592,374616,59367,59563
2023-09,6호선,2620,월드컵경기장(성산),110270,120256,56654,55166
2023-09,6호선,2621,마포구청,323133,284126,79414,72279
2023-09,6호선,2622,망원,345513,372203,81072,84995
2023-09,6호선,2623,합정,350339,350175,39978,37304
2023-09,6호선,2624,상수,281264,330701,21592,21567
2023-09,6호선,2625,광흥창(서강),204813,194602,52809,51952
2023-09,6호선,2626,대흥(서강대앞),222029,230951,46464,46104
2023-09,6호선,2627,공덕,437437,425408,75488,71234
2023-09,6호선,2628,효창공원앞,174080,159620,39214,35954
2023-09,6호선,2629,삼각지,199086,169755,19642,16627
2023-09,6호선,2630,녹사평(용산구청),135307,136949,18271,17353
2023-09,6호선,2631,이태원,333056,375517,31072,31752
2023-09,6호선,2632,한강진,268630,319817,17046,17010
2023-09,6호선,2633,버티고개,48330,45682,14314,16784
2023-09,6호선,2634,약수,82264,81011,23263,22102
2023-09,6호선,2635,청구,87856,83688,19511,21978
2023-09,6호선,2636,신당,213653,218773,38101,36955
2023-09,6호선,2637,동묘앞,178112,185191,68039,63573
2023-09,6호선,2638,창신,81002,67961,18992,18065
2023-09,6호선,2639,보문,192272,175309,30922,29434
2023-09,6호선,2640,안암(고대병원앞),354596,355015,36748,36153
2023-09,6호선,2641,고려대(종암),232009,221795,34807,33929
2023-09,6호선,2642,월곡(동덕여대),283154,270064,69975,68411
2023-09,6호선,2643,상월곡(한국과학기술연구원),147718,136109,41973,40640
2023-09,6호선,2644,돌곶이,222826,198411,61718,60888
2023-09,6호선,2645,석계,273512,286114,78630,78347
2023-09,6호선,2646,태릉입구,127604,148335,33209,34900
2023-09,6호선,2647,화랑대(서울여대입구),298524,225359,48618,43617
2023-09,6호선,2648,봉화산(서울의료원),197330,183546,49894,49505
2023-09,6호선,2649,신내,10,0,2,0
2023-09,7호선,2711,장암,61408,25090,12333,9470
2023-09,7호선,2712,도봉산,213211,244125,51712,71697
2023-09,7호선,2713,수락산,259857,252001,99285,100140
2023-09,7호선,2714,마들,275392,251999,90855,88918
2023-09,7호선,2715,노원,435928,459269,126418,120117
2023-09,7호선,2716,중계,320257,288595,97123,92919
2023-09,7호선,2717,하계,397402,368976,109775,105501
2023-09,7호선,2718,공릉(서울과학기술대),276222,269347,72903,73054
2023-09,7호선,2719,태릉입구,218086,207389,46092,42049
2023-09,7호선,2720,먹골,222089,213464,67181,68432
2023-09,7호선,2721,중화,236232,227818,65157,64592
2023-09,7호선,2722,상봉(시외버스터미널),406937,392233,74735,72384
2023-09,7호선,2723,면목,344501,326155,95457,98324
2023-09,7호선,2724,사가정,354373,352265,102333,102378
2023-09,7호선,2725,용마산(용마폭포공원),129686,125083,35113,38472
2023-09,7호선,2726,중곡,241245,219089,61971,62213
2023-09,7호선,2727,군자(능동),344209,261328,80796,68914
2023-09,7호선,2728,어린이대공원(세종대),441539,449639,43314,42885
2023-09,7호선,2729,건대입구,337937,357334,59334,54420
2023-09,7호선,2730,뚝섬유원지,271939,263671,46759,46382
2023-09,7호선,2731,청담,430309,477983,74468,71887
2023-09,7호선,2732,강남구청,385195,430381,50922,51835
2023-09,7호선,2733,학동,544300,576428,59644,57377
2023-09,7호선,2734,논현,424295,437020,42159,40933
2023-09,7호선,2735,반포,139596,136252,36038,34466
2023-09,7호선,2736,고속터미널,435153,350603,75158,66332
2023-09,7호선,2737,내방,316033,322190,72248,69758
2023-09,7호선,2738,이수,364924,353690,77755,73908
2023-09,7호선,2739,남성,252584,230696,73839,73060
2023-09,7호선,2740,숭실대입구(살피재),368406,370181,64945,66910
2023-09,7호선,2741,상도,286217,280181,63655,60005
2023-09,7호선,2742,장승배기,192740,183445,67957,68976
2023-09,7호선,2743,신대방삼거리,329531,304811,90639,93459
2023-09,7호선,2744,보라매,162437,165188,31212,33062
2023-09,7호선,2745,신풍,244444,225535,72356,71087
2023-09,7호선,2746,대림(구로구청),227646,229350,42026,41117
2023-09,7호선,2747,남구로,349956,365058,61297,61924
2023-09,7호선,2748,가산디지털단지,1004540,1006764,86759,82562
2023-09,7호선,2749,철산,489858,500330,100532,99428
2023-09,7호선,2750,광명사거리,426801,414523,151828,157926
2023-09,7호선,2751,천왕,258165,243261,59215,58735
2023-09,7호선,2752,온수(성공회대입구),241869,225449,41347,39219
2023-09,7호선,2760,굴포천,1,0,0,0
2023-09,8호선,2811,암사,409495,352610,106710,104751
2023-09,8호선,2812,천호(풍납토성),327392,392998,85705,82819
2023-09,8호선,2813,강동구청,217328,222367,65396,65438
2023-09,8호선,2814,몽촌토성(평화의문),154491,156520,34688,33700
2023-09,8호선,2815,잠실(송파구청),363445,438061,75143,74104
2023-09,8호선,2816,석촌,166895,200250,50183,53126
2023-09,8호선,2817,송파,195550,189629,63437,62511
2023-09,8호선,2818,가락시장,152238,173421,69022,70854
2023-09,8호선,2819,문정,481642,501480,58277,57677
2023-09,8호선,2820,장지,386105,351882,82177,77322
2023-09,8호선,2821,복정,223953,186296,40095,35715
2023-09,8호선,2822,산성,116706,115402,31468,33904
2023-09,8호선,2823,남한산성입구(성남법원.검찰청),320985,288145,74795,70683
2023-09,8호선,2824,단대오거리,265871,251926,72436,70102
2023-09,8호선,2825,신흥,102478,107272,40839,43142
2023-09,8호선,2826,수진,109300,97404,45004,43540
2023-09,8호선,2827,모란,86058,71493,56654,44641
2023-09,8호선,2828,남위례,157209,160775,30978,30268
2023-09,9호선,4101,개화,63964,41990,13750,11117
2023-09,9호선,4102,김포공항,184536,280534,18684,24238
2023-09,9호선,4103,공항시장,61276,64714,24334,26076
2023-09,9호선,4104,신방화,147950,142994,47128,47614
2023-09,9호선,4105,마곡나루(서울식물원),322199,319248,34631,34011
2023-09,9호선,4106,양천향교,225802,227168,47382,46923
2023-09,9호선,4107,가양,477216,457629,134981,131531
2023-09,9호선,4108,증미,169815,160320,36580,36833
2023-09,9호선,4109,등촌,241081,226654,83476,83304
2023-09,9호선,4110,염창,416259,393955,75443,73600
2023-09,9호선,4111,신목동,94722,80206,23913,22542
2023-09,9호선,4112,선유도,204631,191413,30412,29713
2023-09,9호선,4113,당산,472250,470681,68181,63858
2023-09,9호선,4114,국회의사당,406788,430284,59723,54302
2023-09,9호선,4115,여의도,731462,706051,49824,46357
2023-09,9호선,4116,샛강,140538,139922,28892,28296
2023-09,9호선,4117,노량진,653287,635445,90779,90796
2023-09,9호선,4118,노들,109081,87186,32772,30085
2023-09,9호선,4119,흑석(중앙대입구),224117,224497,55319,55671
2023-09,9호선,4120,동작(현충원),46486,38486,14122,12732
2023-09,9호선,4121,구반포,19986,20422,8681,8942
2023-09,9호선,4122,신반포,87800,89113,26121,26658
2023-09,9호선,4123,고속터미널,387072,564997,64937,77387
2023-09,9호선,4124,사평,87273,82897,23495,23596
2023-09,9호선,4125,신논현,805038,788446,52727,51173
2023-09,공항철도 1호선,4201,서울역,364386,328846,33847,30795
2023-09,공항철도 1호선,4202,공덕,69341,95119,8847,10157
2023-09,공항철도 1호선,4203,홍대입구,389379,389231,19011,17294
2023-09,공항철도 1호선,4204,디지털미디어시티,352925,326567,27851,26400
2023-09,공항철도 1호선,4206,마곡나루(서울식물원),265124,253009,16149,15893
2023-09,공항철도 1호선,4207,김포공항,287535,155597,23530,14834
2023-09,공항철도 1호선,4208,계양,328414,306604,35993,33752
2023-09,공항철도 1호선,4209,검암,178071,179943,18360,18547
2023-09,공항철도 1호선,4210,청라국제도시,187213,177497,14961,14828
2023-09,공항철도 1호선,4211,운서,233770,245914,31021,31229
2023-09,공항철도 1호선,4212,공항화물청사,50863,54052,10126,9947
2023-09,공항철도 1호선,4213,인천공항1터미널,366125,355282,35215,33235
2023-09,공항철도 1호선,4215,인천공항2터미널,174927,153367,17462,15555
2023-09,공항철도 1호선,4217,영종,96934,98775,22055,22090
2023-09,9호선2~3단계,4126,언주,273352,274749,31067,30336
2023-09,9호선2~3단계,4127,선정릉,233770,249644,26843,27556
2023-09,9호선2~3단계,4128,삼성중앙,178616,185184,27151,26580
2023-09,9호선2~3단계,4129,봉은사,511029,533163,55167,52804
2023-09,9호선2~3단계,4130,종합운동장,111157,113109,22149,20397
2023-09,9호선2~3단계,4131,삼전,168645,156157,38379,37672
2023-09,9호선2~3단계,4132,석촌고분,150430,145595,39129,39618
2023-09,9호선2~3단계,4133,석촌,221448,195526,39377,34572
2023-09,9호선2~3단계,4134,송파나루,120128,130743,28979,30263
2023-09,9호선2~3단계,4135,한성백제,67990,59718,18350,16430
2023-09,9호선2~3단계,4136,올림픽공원(한국체대),218524,233591,32163,32086
2023-09,9호선2~3단계,4137,둔촌오륜,25388,22976,6927,7473
2023-09,9호선2~3단계,4138,중앙보훈병원,241095,206085,79793,78008
2023-09,우이신설선,4701,북한산우이,62417,55672,35988,37257
2023-09,우이신설선,4702,솔밭공원,46435,40531,30850,31799
2023-09,우이신설선,4703,4.19민주묘지,71169,70368,38776,34816
2023-09,우이신설선,4704,가오리,72637,69557,51925,52855
2023-09,우이신설선,4705,화계,58095,51430,46176,46925
2023-09,우이신설선,4706,삼양,31006,31171,28148,30836
2023-09,우이신설선,4707,삼양사거리,37782,37141,37150,36819
2023-09,우이신설선,4708,솔샘,125990,115101,41483,43252
2023-09,우이신설선,4709,북한산보국문,142242,131486,44408,43373
2023-09,우이신설선,4710,정릉,95391,82724,47203,43911
2023-09,우이신설선,4711,성신여대입구(돈암),71813,84928,30002,28841
2023-09,우이신설선,4712,보문,30806,31088,15898,15109
2023-09,우이신설선,4713,신설동,34064,33928,29659,27428
2023-09,신림선,4401,샛강,58898,70324,13953,13406
2023-09,신림선,4402,대방,64220,44941,16552,13930
2023-09,신림선,4403,서울지방병무청,60661,64122,22964,25119
2023-09,신림선,4404,보라매,83789,76988,23375,20341
2023-09,신림선,4405,보라매공원,41727,45304,17020,17866
2023-09,신림선,4406,보라매병원,140605,147324,51339,50469
2023-09,신림선,4407,당곡,92750,89128,35465,34881
2023-09,신림선,4408,신림,33090,48438,15394,18942
2023-09,신림선,4409,서원,75606,61607,24441,23604
2023-09,신림선,4410,서울대벤처타운,204469,181133,62122,61696
2023-09,신림선,4411,관악산(서울대),60579,63755,34840,35563
